Target,Model,Best Params,Train Accuracy,Train F1 Score,Validation Accuracy,Validation F1 Score,Best CV Accuracy
O3 Mean_t_change,Improved MLP with Dropout,"{'lr': 0.001, 'module__dropout_rate': 0.3, 'module__hidden_layer_sizes': (100, 50)}",0.09077768141081237,0.034915282262784134,0.12465753424657534,0.04910892528475529,0.08889852558542931
CO Mean_t_change,Improved MLP with Dropout,"{'lr': 0.001, 'module__dropout_rate': 0.3, 'module__hidden_layer_sizes': (100, 50)}",0.11665221162185603,0.04759768105774477,0.07260273972602739,0.023873141941125036,0.10855738652789824
SO2 Mean_t_change,Improved MLP with Dropout,"{'lr': 0.01, 'module__dropout_rate': 0.3, 'module__hidden_layer_sizes': (100, 50)}",0.07863544376987569,0.02127746010963275,0.0863013698630137,0.019688582668870008,0.07632263660017347
NO2 Mean_t_change,Improved MLP with Dropout,"{'lr': 0.001, 'module__dropout_rate': 0.3, 'module__hidden_layer_sizes': (100, 50)}",0.10465452442902573,0.03673242602462392,0.07671232876712329,0.019128980345333613,0.10205261636311073
